Ниша;Контур;Причина таксономии;Риск вариантов;Риск таксономии;Вердикт воронки;Выручка 30 дней, ₽;Продажи 30 дней, шт;Средний чек, ₽;Активные продавцы;Выручка на активного продавца, ₽;Доля штук Q2/Q1, x;Доля выручки Q2/Q1, x;Положительных шагов, штуки;Положительных шагов, выручка;Entry lift Sep-Oct / Jul-Aug 2025, x;Осенний индекс 2025, x;FBO доля выручки, %;Комиссия FBO MPStats, %;Комиссия FBS MPStats, %;Выкуп после возвратов, %;Оборот, дней;Замороженный остаток, %;Карточек с продажами, %;Продавцов с продажами, %;Demand gate;Autumn gate;Operations gate;Аномалии
Красота / Гидрофильные плитки;COSMETIC_CORE;cosmetic formula subject;low;medium;NO_CURRENT_SIGNAL;308548.0;915.0;337.21;45;6856.62;2.6298;1.3482;3;2;3.2359;0.6318;3.65;32.5;36.0;16.33;404.0;94.55;36.2;13.67;0;1;0;
Красота / Автозагар;COSMETIC_CORE;cosmetic formula subject;low;medium;NO_CURRENT_SIGNAL;133753258.0;168102.0;795.67;613;218194.55;2.5282;1.8815;5;4;0.4704;0.5361;82.83;32.5;36.0;82.48;90.0;73.64;15.49;21.36;1;0;0;
Красота / Средства для разбавления лака;COSMETIC_PRO_P2;"professional chemical product; safety/use validation required";medium;medium;NO_CURRENT_SIGNAL;19090599.0;6549.0;2915.04;87;219432.17;2.2048;5.6413;3;3;0.5403;0.8925;0.67;27.5;31.0;98.36;52.0;81.65;36.49;28.69;0;0;0;JAN_JUN_REVENUE_SWING_GT_10X
Красота / Наборы для солярия;COSMETIC_CORE;cosmetic formula subject;low;medium;NO_CURRENT_SIGNAL;2475519.0;1132.0;2186.85;54;45842.94;2.0795;2.2801;5;4;1.1189;0.6142;64.55;32.5;36.0;100.0;9952.0;99.76;3.9;11.2;0;1;0;
Красота / Нейтрализаторы испарений клея;COSMETIC_PRO_P2;"professional chemical product; safety/use validation required";medium;medium;NO_CURRENT_SIGNAL;4175609.0;6468.0;645.58;24;173983.71;2.0546;2.2136;3;3;1.4283;0.6453;97.18;32.5;36.0;91.79;153.0;72.81;35.77;22.22;0;1;0;
Красота / Мелки для волос;COSMETIC_CORE;cosmetic formula subject;low;medium;NO_CURRENT_SIGNAL;5034139.0;5809.0;866.61;176;28603.06;1.5411;1.1218;4;4;0.4144;0.8134;79.98;32.5;36.0;90.06;148.0;93.19;6.14;16.14;0;0;0;
Красота / Смеси для массажа;COSMETIC_PRO_P2;"topical massage preparation; product-level formula verification required";low;high;NO_CURRENT_SIGNAL;14746018.0;12987.0;1135.44;236;62483.13;1.4411;1.406;3;3;1.0662;0.5325;63.03;32.5;36.0;93.91;1191.0;97.36;15.08;14.24;0;1;0;
Красота / CC-кремы;COSMETIC_CORE;cosmetic formula subject;high;medium;NO_CURRENT_SIGNAL;120752419.0;55585.0;2172.39;541;223202.25;1.3683;1.8364;2;2;1.2271;0.6658;24.06;32.5;36.0;87.9;189.0;89.68;31.37;20.03;0;1;0;
Красота / DD-кремы;COSMETIC_CORE;cosmetic formula subject;low;medium;NO_CURRENT_SIGNAL;4194623.0;2196.0;1910.12;153;27415.84;1.2484;1.2181;3;3;2.4018;0.942;14.64;32.5;36.0;100.0;461.0;96.72;12.97;13.56;0;1;0;
Красота / Гидролаты;COSMETIC_CORE;cosmetic formula subject;low;medium;NO_CURRENT_SIGNAL;32958166.0;53648.0;614.34;349;94436.01;1.2405;1.2401;4;2;1.2698;0.7243;55.81;32.5;36.0;94.63;132.0;82.4;14.14;22.3;0;1;0;
Красота / Оттеночные бальзамы;COSMETIC_CORE;cosmetic formula subject;high;medium;NO_CURRENT_SIGNAL;176558963.0;323663.0;545.5;525;336302.79;1.2325;1.0354;3;2;1.0275;0.7466;67.95;32.5;36.0;87.26;46.0;55.79;30.69;24.56;0;1;1;
Красота / Кератолитики;COSMETIC_REGULATED_P2;"chemically active skin/foot preparation; claims and regulatory route required";low;high;NO_CURRENT_SIGNAL;30409193.0;52683.0;577.21;406;74899.49;1.1959;1.0363;2;1;0.6871;0.871;74.15;32.5;36.0;93.28;216.0;91.86;7.75;13.4;0;0;0;
Красота / Пигменты;COSMETIC_CORE;cosmetic formula subject;low;medium;NO_CURRENT_SIGNAL;92332421.0;76894.0;1200.78;380;242980.06;1.1722;0.8945;3;1;0.9033;0.8969;80.85;32.5;36.0;83.0;85.0;78.66;31.36;21.36;0;1;0;
Красота / Лаки для ногтей;COSMETIC_NAIL_P2;finished nail cosmetic with mandatory shade depth;high;medium;NO_CURRENT_SIGNAL;254822988.0;581703.0;438.06;984;258966.45;1.1553;1.0492;2;3;1.1883;0.7806;16.51;32.5;36.0;88.97;140.0;89.34;24.33;19.86;0;1;0;
Красота / Лаки для волос;COSMETIC_CORE;cosmetic formula subject;low;medium;NO_CURRENT_SIGNAL;229407335.0;306950.0;747.38;1089;210658.71;1.153;1.0429;3;3;1.4451;0.8876;39.87;32.5;36.0;94.6;91.0;72.14;19.8;22.13;0;1;0;
Красота / Соль для маникюра и педикюра;COSMETIC_NAIL_P2;finished manicure/pedicure cosmetic preparation;low;medium;NO_CURRENT_SIGNAL;953572.0;1801.0;529.47;56;17028.07;1.12;0.9237;3;3;1.0366;0.8793;50.66;32.5;36.0;95.4;592.0;95.75;15.63;17.68;0;1;0;
Красота / Восковые полоски;COSMETIC_CORE;cosmetic formula subject;low;medium;NO_CURRENT_SIGNAL;20207180.0;36723.0;550.26;367;55060.44;1.1142;0.9999;2;2;1.0508;0.8022;53.59;32.5;36.0;92.26;215.0;92.75;4.38;25.66;0;1;0;
Красота / Средства для химической завивки;COSMETIC_CORE;cosmetic formula subject;low;medium;NO_CURRENT_SIGNAL;14292503.0;12747.0;1121.24;220;64965.92;1.0768;0.9077;2;2;0.9397;0.681;47.97;32.5;36.0;85.81;278.0;93.9;13.55;26.47;0;0;0;
Красота / Квасцовые камни;COSMETIC_CORE;cosmetic formula subject;low;medium;NO_CURRENT_SIGNAL;2864072.0;6301.0;454.54;114;25123.44;1.0724;0.8747;2;2;1.1348;0.8224;42.09;32.5;36.0;94.16;152.0;93.08;24.47;35.27;0;1;0;
Красота / Кондиционеры для волос;COSMETIC_CORE;cosmetic formula subject;low;medium;NO_CURRENT_SIGNAL;435364177.0;366579.0;1187.64;2752;158199.19;1.0671;0.9877;3;3;1.2005;0.9528;46.03;32.5;36.0;92.84;305.0;91.65;16.11;24.31;0;1;0;
Красота / Термальная вода;COSMETIC_CORE;cosmetic formula subject;low;medium;NO_CURRENT_SIGNAL;26741867.0;33311.0;802.79;505;52954.19;1.0651;1.0008;2;2;0.7627;0.9179;29.07;32.5;36.0;92.1;502.0;96.35;8.56;12.93;0;0;0;
Красота / Маски оттеночные;COSMETIC_CORE;cosmetic formula subject;high;medium;NO_CURRENT_SIGNAL;54221900.0;43848.0;1236.59;396;136923.99;1.0619;1.0832;2;4;0.836;0.701;40.6;32.5;36.0;91.44;170.0;90.24;26.09;28.57;0;0;0;
Красота / Средства для снятия лака;COSMETIC_PRO_P2;"professional chemical product; safety/use validation required";medium;medium;NO_CURRENT_SIGNAL;49323525.0;102165.0;482.78;510;96712.79;1.0595;1.6094;3;3;0.938;0.7389;20.53;32.5;36.0;93.43;131.0;86.64;12.56;20.76;1;0;0;
Красота / Осветлители для волос;COSMETIC_CORE;cosmetic formula subject;low;medium;NO_CURRENT_SIGNAL;47424998.0;44205.0;1072.84;389;121915.16;1.0577;0.9516;3;3;1.0269;0.757;53.95;32.5;36.0;87.67;62.0;73.94;24.26;32.16;0;1;0;
Красота / Спреи;COSMETIC_CORE;cosmetic formula subject;medium;high;NO_CURRENT_SIGNAL;590760643.0;797018.0;741.21;4401;134233.27;1.0544;0.9826;2;1;0.7365;0.8634;47.17;32.5;36.0;91.43;191.0;89.32;11.76;25.9;0;0;0;
Красота / Жидкое мыло;COSMETIC_CORE;cosmetic formula subject;low;medium;NO_CURRENT_SIGNAL;416463729.0;585032.0;711.86;2144;194246.14;1.0401;1.1346;1;3;1.0851;0.9927;26.76;32.5;36.0;93.27;123.0;83.17;18.4;24.92;0;1;0;
Красота / Хна для волос;COSMETIC_CORE;cosmetic formula subject;low;medium;NO_CURRENT_SIGNAL;43424563.0;102894.0;422.03;344;126234.19;1.0278;0.9677;4;1;1.1968;0.8558;40.41;32.5;36.0;93.83;70.0;60.28;30.86;37.68;0;1;0;
Красота / Краски для волос;COSMETIC_CORE;cosmetic formula subject;high;medium;NO_CURRENT_SIGNAL;1047689765.0;1679367.0;623.86;1967;532633.33;1.0188;0.9281;3;0;0.6173;1.2119;45.2;32.5;36.0;91.97;94.0;76.48;19.18;23.5;0;1;1;
Красота / Закрепители для лака;COSMETIC_PRO_P2;"professional chemical product; safety/use validation required";medium;medium;NO_CURRENT_SIGNAL;5319555.0;6954.0;764.96;203;26204.7;1.0159;1.0047;1;3;1.1527;1.3998;14.22;32.5;36.0;91.6;112.0;87.56;20.08;36.83;0;1;0;
Красота / Оксиданты;COSMETIC_PRO_P2;"professional chemical product; safety/use validation required";medium;medium;NO_CURRENT_SIGNAL;76690053.0;126246.0;607.47;471;162823.89;1.0054;0.8943;3;1;0.9319;0.7468;62.35;32.5;36.0;92.12;51.0;66.82;24.95;33.71;0;1;0;
Красота / Очищающие полоски;COSMETIC_CORE;cosmetic formula subject;low;medium;NO_CURRENT_SIGNAL;8473937.0;19732.0;429.45;346;24491.15;0.9976;0.8477;2;0;1.3775;0.7974;42.56;32.5;36.0;94.47;513.0;95.67;9.69;14.73;0;1;0;
Красота / Дезодоранты;COSMETIC_CORE;cosmetic formula subject;low;medium;NO_CURRENT_SIGNAL;817529336.0;1362607.0;599.97;3911;209033.33;0.9915;0.9731;2;3;0.9172;0.8631;41.88;32.5;36.0;94.54;189.0;88.52;13.64;25.16;0;0;0;
Красота / Пасты для шугаринга;COSMETIC_CORE;cosmetic formula subject;low;medium;NO_CURRENT_SIGNAL;30002682.0;45421.0;660.55;398;75383.62;0.9905;0.9015;2;1;0.948;0.9145;78.41;32.5;36.0;66.53;279.0;93.73;8.48;13.32;0;0;0;
Красота / Муссы;COSMETIC_CORE;cosmetic formula subject;medium;high;NO_CURRENT_SIGNAL;74825748.0;102692.0;728.64;1029;72716.96;0.9751;0.8908;2;1;1.3379;0.8767;28.38;32.5;36.0;90.93;123.0;81.92;16.18;23.2;0;1;0;
Красота / Помады для волос;COSMETIC_CORE;cosmetic formula subject;high;medium;NO_CURRENT_SIGNAL;11152516.0;8113.0;1374.65;220;50693.25;0.971;0.8992;4;1;1.1763;0.9284;69.97;32.5;36.0;88.08;697.0;95.89;18.52;19.23;0;1;0;
Красота / Бронзеры;COSMETIC_CORE;cosmetic formula subject;high;medium;NO_CURRENT_SIGNAL;34269326.0;36662.0;934.74;423;81014.96;0.9645;1.0193;3;3;1.1152;0.8595;52.04;32.5;36.0;83.92;605.0;95.88;11.25;20.44;0;1;0;
Красота / Фиксаторы макияжа;COSMETIC_CORE;cosmetic formula subject;low;medium;NO_CURRENT_SIGNAL;46519902.0;83134.0;559.58;613;75888.91;0.9636;0.8945;2;2;1.1174;0.6574;78.61;32.5;36.0;89.61;248.0;89.15;4.9;15.03;0;1;0;
Красота / Зубные порошки;COSMETIC_ORAL_P2;"finished oral-care cosmetic; formula and SGR route must be checked";low;medium;NO_CURRENT_SIGNAL;38018462.0;41496.0;916.2;377;100844.73;0.9627;1.9402;2;3;0.812;0.8636;12.85;27.5;31.0;95.94;217.0;89.87;10.57;15.1;0;0;0;
Красота / Гели;COSMETIC_CORE;cosmetic formula subject;medium;high;NO_CURRENT_SIGNAL;1767612063.0;2480704.0;712.54;6453;273920.98;0.9618;0.8921;2;2;0.5754;0.9793;47.68;32.5;36.0;93.08;108.0;77.95;16.51;28.02;0;1;1;
Красота / Грязь косметическая;COSMETIC_CORE;cosmetic formula subject;low;medium;NO_CURRENT_SIGNAL;3056922.0;3930.0;777.84;131;23335.28;0.9568;0.8224;2;1;1.5513;0.9835;32.36;32.5;36.0;76.92;286.0;94.82;16.87;15.36;0;1;0;
Красота / Клей для наращивания ресниц;COSMETIC_PRO_P2;"professional chemical product; safety/use validation required";medium;medium;NO_CURRENT_SIGNAL;83982408.0;106670.0;787.31;251;334591.27;0.9565;0.7906;1;1;1.4776;0.8149;79.13;32.5;36.0;90.41;65.0;69.24;27.12;26.23;0;1;1;
Красота / Косметика для ванн;COSMETIC_CORE;cosmetic formula subject;low;medium;NO_CURRENT_SIGNAL;14072948.0;10458.0;1345.66;338;41635.94;0.9517;0.8766;2;3;1.1649;1.625;13.13;32.5;36.0;93.02;1290.0;98.29;7.42;18.03;0;1;0;
Красота / Воски для волос;COSMETIC_CORE;cosmetic formula subject;low;medium;NO_CURRENT_SIGNAL;62765283.0;83255.0;753.89;993;63207.74;0.9513;0.8579;3;2;1.0285;0.7309;46.02;32.5;36.0;88.79;233.0;92.75;9.47;18.76;0;1;0;
Красота / Смывка краски для волос;COSMETIC_CORE;cosmetic formula subject;high;medium;NO_CURRENT_SIGNAL;19750728.0;24072.0;820.49;238;82986.25;0.9427;0.8765;2;0;0.7257;0.671;82.83;32.5;36.0;79.52;48.0;58.53;22.09;26.41;0;1;0;
Красота / Тоники;COSMETIC_CORE;cosmetic formula subject;medium;high;NO_CURRENT_SIGNAL;433227606.0;521265.0;831.11;3326;130254.84;0.9425;0.8336;2;1;1.1522;0.8315;53.43;32.5;36.0;91.0;206.0;87.95;12.39;26.55;0;1;0;
Красота / Средства для ламинирования ресниц и бровей;COSMETIC_PRO_P2;"professional chemical product; safety/use validation required";medium;medium;NO_CURRENT_SIGNAL;19983888.0;21614.0;924.58;196;101958.61;0.9346;0.8376;2;2;1.2456;0.9524;80.94;32.5;36.0;87.96;264.0;92.08;14.67;18.08;0;1;0;
Красота / Воск для депиляции;COSMETIC_CORE;cosmetic formula subject;low;medium;NO_CURRENT_SIGNAL;115577270.0;150968.0;765.57;845;136777.83;0.9343;0.8468;2;1;0.8246;0.8727;59.38;32.5;36.0;93.14;311.0;94.57;8.82;17.33;0;0;0;
Красота / Пенки;COSMETIC_CORE;cosmetic formula subject;low;medium;NO_CURRENT_SIGNAL;345671626.0;459119.0;752.9;3560;97098.77;0.9341;0.8663;3;1;0.9209;0.9222;37.63;32.5;36.0;92.97;321.0;93.03;6.6;21.82;0;0;0;
Красота / Шампуни;COSMETIC_CORE;cosmetic formula subject;low;medium;NO_CURRENT_SIGNAL;2347325848.0;2557897.0;917.68;6660;352451.33;0.9322;0.8803;1;1;0.8435;0.9401;46.7;31.0;34.5;92.98;144.0;84.35;14.97;24.32;0;0;0;
Красота / Закрепители для гель-лака;COSMETIC_NAIL_P2;cosmetic chemistry, but shade/SKU depth and professional-use risk;high;medium;NO_CURRENT_SIGNAL;54139396.0;99336.0;545.01;575;94155.47;0.9321;0.8451;2;1;1.1369;0.8377;45.54;31.5;35.0;93.05;64.0;82.75;29.95;32.19;0;1;0;
Красота / Молочко;COSMETIC_CORE;cosmetic formula subject;low;medium;NO_CURRENT_SIGNAL;153981464.0;151827.0;1014.19;1578;97580.14;0.9279;0.8853;2;1;0.9106;0.8629;40.26;32.5;36.0;90.77;373.0;93.53;13.02;21.13;0;0;0;
Красота / Густое мыло;COSMETIC_CORE;cosmetic formula subject;low;medium;NO_CURRENT_SIGNAL;16765888.0;13478.0;1243.94;232;72266.76;0.9234;0.966;1;3;1.2207;0.976;12.44;32.5;36.0;93.79;1015.0;97.53;13.99;15.63;0;1;0;
Красота / Лед косметический;COSMETIC_CORE;cosmetic formula subject;low;medium;NO_CURRENT_SIGNAL;1419369.0;1263.0;1123.81;75;18924.92;0.9191;0.8772;2;2;1.4698;1.1584;49.41;32.5;36.0;100.0;982.0;97.87;25.71;17.19;0;1;0;
Красота / Зубные пасты;COSMETIC_ORAL_P2;"finished oral-care cosmetic; formula and SGR route must be checked";low;medium;NO_CURRENT_SIGNAL;923498662.0;1442814.0;640.07;3539;260949.04;0.9082;0.8353;1;1;0.8561;0.9031;52.33;32.0;35.5;95.01;224.0;89.79;12.71;21.57;0;1;0;
Красота / Основы под гель-лаки;COSMETIC_NAIL_P2;cosmetic chemistry, but shade/SKU depth and professional-use risk;high;medium;NO_CURRENT_SIGNAL;107506345.0;163797.0;656.34;706;152275.28;0.9048;0.8128;1;1;1.1232;0.8742;31.56;32.5;36.0;91.88;64.0;81.8;31.11;35.07;0;1;0;
Красота / Кремы для бани;COSMETIC_CORE;cosmetic formula subject;low;medium;NO_CURRENT_SIGNAL;2822249.0;3091.0;913.05;223;12655.83;0.9041;0.9947;3;2;1.0195;0.912;8.16;32.5;36.0;100.0;1181.0;98.31;9.51;13.86;0;0;0;
Красота / Присыпки;COSMETIC_CORE;cosmetic formula subject;low;medium;NO_CURRENT_SIGNAL;22584773.0;47389.0;476.58;581;38872.24;0.9001;0.891;1;1;0.6396;0.7645;57.02;27.5;31.0;94.49;187.0;90.19;15.25;25.75;0;0;0;
Красота / Косметические активы;COSMETIC_PRO_P2;"professional chemical product; safety/use validation required";medium;medium;NO_CURRENT_SIGNAL;140990056.0;66481.0;2120.76;488;288914.05;0.8987;1.2852;2;2;1.6702;0.7382;11.74;31.5;35.0;91.56;731.0;97.12;15.4;18.01;0;1;0;
Красота / Носки косметические;COSMETIC_CORE;cosmetic formula subject;low;medium;NO_CURRENT_SIGNAL;31580029.0;87900.0;359.27;610;51770.54;0.8924;0.71;2;2;1.0371;0.5887;71.87;32.5;36.0;94.81;472.0;96.35;2.51;12.76;0;1;0;
Красота / Активаторы клея для ресниц;COSMETIC_PRO_P2;"professional chemical product; safety/use validation required";medium;medium;NO_CURRENT_SIGNAL;3842887.0;4822.0;796.95;99;38817.04;0.8895;1.3036;1;2;1.0774;0.901;37.89;32.5;36.0;90.6;1209.0;97.76;10.45;7.44;0;1;0;
Красота / Краски для тату;COSMETIC_PRO_P2;"professional chemical product; safety/use validation required";medium;medium;NO_CURRENT_SIGNAL;30333716.0;22142.0;1369.96;157;193208.38;0.8834;0.7976;4;3;1.2743;0.8228;49.97;31.5;35.0;84.13;297.0;92.65;21.54;11.91;0;1;0;
Красота / Кремы;COSMETIC_CORE;cosmetic formula subject;medium;high;NO_CURRENT_SIGNAL;4347555850.0;5352052.0;812.32;12783;340104.5;0.881;0.8121;1;1;0.804;0.7924;45.88;32.5;36.0;92.77;267.0;91.81;8.71;29.86;0;0;0;
Красота / Гели для бровей;COSMETIC_CORE;cosmetic formula subject;low;medium;NO_CURRENT_SIGNAL;185028126.0;424159.0;436.22;1431;129299.88;0.8778;0.8306;2;2;1.0819;0.7948;85.78;32.5;36.0;88.74;141.0;76.14;7.17;17.84;0;1;0;
Красота / Основы под лаки;COSMETIC_PRO_P2;"professional chemical product; safety/use validation required";medium;medium;NO_CURRENT_SIGNAL;4973214.0;5848.0;850.41;169;29427.3;0.8764;1.005;3;3;1.6613;0.9488;16.85;32.5;36.0;91.54;243.0;94.17;19.97;19.44;0;1;0;
Красота / Косметические карандаши;COSMETIC_CORE;cosmetic formula subject;high;medium;NO_CURRENT_SIGNAL;499910474.0;1201450.0;416.09;2339;213728.29;0.8748;0.8246;2;1;1.3482;0.8068;45.95;32.0;35.5;91.67;159.0;81.63;13.81;23.1;0;1;0;
Красота / Ополаскиватели и освежители для рта;COSMETIC_ORAL_P2;"finished oral-care cosmetic; formula and SGR route must be checked";low;medium;NO_CURRENT_SIGNAL;165211499.0;276345.0;597.85;1291;127971.73;0.8727;0.9059;1;3;0.5603;1.1006;41.68;32.5;36.0;94.12;275.0;89.52;11.33;19.68;0;1;0;
Красота / Тональные кремы;COSMETIC_CORE;cosmetic formula subject;high;medium;NO_CURRENT_SIGNAL;440139750.0;569472.0;772.89;3117;141206.21;0.8716;0.7888;2;1;1.2781;0.791;48.51;32.5;36.0;89.1;419.0;94.12;9.31;19.9;0;1;0;
Красота / Пудры;COSMETIC_CORE;cosmetic formula subject;high;medium;NO_CURRENT_SIGNAL;418715771.0;656800.0;637.51;3213;130319.26;0.8709;0.7856;2;1;0.9489;0.8101;59.95;32.5;36.0;89.96;240.0;90.98;9.57;23.43;0;1;0;
Красота / Сыворотки;COSMETIC_CORE;cosmetic formula subject;medium;high;NO_CURRENT_SIGNAL;1581916968.0;1478378.0;1070.04;6388;247638.85;0.8664;0.771;2;1;1.1011;0.7167;59.24;32.5;36.0;91.42;282.0;92.34;9.15;26.36;0;1;0;
Красота / BB-кремы;COSMETIC_CORE;cosmetic formula subject;high;medium;NO_CURRENT_SIGNAL;94496617.0;119159.0;793.03;1427;66220.47;0.8658;0.8293;2;1;1.2298;0.7946;47.6;32.5;36.0;91.41;393.0;93.14;8.01;18.41;0;1;0;
Красота / Запарки;COSMETIC_BATH_P2;"bath preparation; product-level formula verification required";low;high;NO_CURRENT_SIGNAL;7750122.0;9008.0;860.36;369;21003.04;0.865;0.7941;3;3;0.8216;1.1407;27.38;30.5;34.0;90.35;726.0;96.94;11.79;22.79;0;1;0;
Красота / Шампуни сухие;COSMETIC_CORE;cosmetic formula subject;low;medium;NO_CURRENT_SIGNAL;86404016.0;168796.0;511.88;795;108684.3;0.864;0.7371;2;0;1.1434;0.8821;62.57;32.5;36.0;94.9;176.0;85.1;7.58;15.08;0;1;0;
Красота / Средства для укрепления и роста ногтей;COSMETIC_NAIL_P2;cosmetic chemistry, but shade/SKU depth and professional-use risk;high;medium;NO_CURRENT_SIGNAL;39523587.0;85188.0;463.96;714;55355.16;0.863;0.7793;2;1;0.8108;0.8293;29.5;32.5;36.0;92.02;153.0;90.95;19.51;27.6;0;0;0;
Красота / Водоросли косметические;COSMETIC_CORE;cosmetic formula subject;low;medium;NO_CURRENT_SIGNAL;4038369.0;1881.0;2146.93;60;67306.15;0.8619;0.9898;3;1;1.2582;0.9124;24.57;32.5;36.0;87.5;614.0;97.02;7.91;21.47;0;1;0;
Красота / Краски для бровей и ресниц;COSMETIC_CORE;cosmetic formula subject;high;medium;NO_CURRENT_SIGNAL;145822912.0;247969.0;588.07;847;172164.0;0.8593;0.7634;3;2;1.1129;0.8342;72.63;32.5;36.0;90.59;125.0;77.89;18.37;19.07;0;1;0;
Красота / Флюиды;COSMETIC_CORE;cosmetic formula subject;low;medium;NO_CURRENT_SIGNAL;72286693.0;43378.0;1666.44;829;87197.46;0.8572;0.9485;2;2;1.1477;0.8466;30.43;32.5;36.0;84.52;521.0;96.24;13.26;23.7;0;1;0;
Красота / Акриловые пудры;COSMETIC_CORE;cosmetic formula subject;high;medium;NO_CURRENT_SIGNAL;16556870.0;13282.0;1246.56;203;81560.94;0.8545;0.9545;1;2;1.2877;0.6952;22.37;32.5;36.0;89.7;321.0;94.28;24.77;16.15;0;1;0;
Красота / Эмульсии;COSMETIC_CORE;cosmetic formula subject;low;medium;NO_CURRENT_SIGNAL;76262097.0;78621.0;970.0;910;83804.5;0.8536;0.9287;2;1;0.5765;1.0625;33.27;29.0;32.5;92.92;363.0;94.9;9.23;21.23;0;1;0;
Красота / Средства для снятия макияжа;COSMETIC_CORE;cosmetic formula subject;low;medium;NO_CURRENT_SIGNAL;186693715.0;248521.0;751.22;2010;92882.45;0.849;0.8043;2;0;1.0615;0.8375;38.24;32.5;36.0;94.13;108.0;79.42;15.15;21.98;0;1;0;
Красота / Эликсиры;COSMETIC_CORE;cosmetic formula subject;low;medium;NO_CURRENT_SIGNAL;15385893.0;12060.0;1275.78;378;40703.42;0.8454;0.7935;1;2;1.5942;0.8386;19.16;32.5;36.0;92.45;283.0;92.99;18.96;24.18;0;1;0;
Красота / Обезжириватели для ресниц и бровей;COSMETIC_PRO_P2;"professional chemical product; safety/use validation required";medium;medium;NO_CURRENT_SIGNAL;7484768.0;17335.0;431.77;124;60361.03;0.8417;0.7374;1;1;1.0566;1.004;87.33;32.5;36.0;91.88;103.0;72.32;20.48;22.04;0;1;0;
Красота / Воск для бровей;COSMETIC_CORE;cosmetic formula subject;low;medium;NO_CURRENT_SIGNAL;7795319.0;13297.0;586.25;199;39172.46;0.831;0.9258;1;1;1.5502;0.9529;59.19;32.5;36.0;92.25;2149.0;98.64;5.15;6.86;0;1;0;
Красота / Глиттеры;COSMETIC_CORE;cosmetic formula subject;low;medium;NO_CURRENT_SIGNAL;12237505.0;24212.0;505.43;409;29920.55;0.8259;0.731;1;1;1.6656;0.608;50.07;32.5;36.0;88.21;350.0;93.77;15.13;16.97;0;1;0;
Красота / Праймеры для тела;COSMETIC_CORE;cosmetic formula subject;low;medium;NO_CURRENT_SIGNAL;3816708.0;2640.0;1445.72;231;16522.55;0.8247;0.6764;2;1;1.6207;1.1268;5.09;32.5;36.0;75.0;7399.0;99.69;3.53;12.65;0;1;0;
Красота / Средства для ухода и заживления татуировок;COSMETIC_REGULATED_P2;"tattoo aftercare; cosmetic-versus-therapeutic claims require validation";low;high;NO_CURRENT_SIGNAL;18361344.0;24323.0;754.9;219;83841.75;0.822;0.7222;2;1;1.1005;0.7812;70.5;31.5;35.0;89.07;316.0;92.56;16.55;9.95;0;1;0;
Красота / Патчи для наращивания ресниц;COSMETIC_PRO_P2;"professional chemical product; safety/use validation required";medium;medium;NO_CURRENT_SIGNAL;15528921.0;34756.0;446.8;217;71561.85;0.8181;0.7039;1;1;1.0906;0.8928;77.53;30.0;33.5;95.03;451.0;96.51;9.8;14.43;0;1;0;
Красота / Туши;COSMETIC_CORE;cosmetic formula subject;low;medium;NO_CURRENT_SIGNAL;383392083.0;771187.0;497.15;3236;118477.16;0.8153;0.7088;2;1;1.2229;0.782;59.62;32.5;36.0;94.11;383.0;93.37;5.14;19.77;0;1;0;
Красота / Мыло для бани;COSMETIC_CORE;cosmetic formula subject;low;medium;NO_CURRENT_SIGNAL;55083843.0;66494.0;828.4;808;68173.07;0.8128;0.8171;3;3;1.1578;0.8467;39.1;32.5;36.0;95.94;2530.0;98.94;5.34;15.04;0;1;0;
Красота / Гель-лаки;COSMETIC_NAIL_P2;cosmetic chemistry, but shade/SKU depth and professional-use risk;high;medium;NO_CURRENT_SIGNAL;197650245.0;394766.0;500.68;1274;155141.48;0.8046;0.7172;2;2;1.6063;0.9182;36.93;32.5;36.0;88.5;154.0;89.57;18.64;29.34;0;1;0;
Красота / Загустители для волос;COSMETIC_CORE;finished leave-on hair cosmetic preparation;medium;medium;NO_CURRENT_SIGNAL;10138126.0;9265.0;1094.24;326;31098.55;0.8003;0.7318;2;3;1.311;0.8038;46.48;32.5;36.0;92.72;1522.0;98.57;5.55;16.07;0;1;0;
Красота / Корректоры;COSMETIC_CORE;cosmetic formula subject;high;medium;NO_CURRENT_SIGNAL;255860198.0;470719.0;543.55;1976;129483.91;0.8002;0.7348;2;1;1.1104;0.8047;62.24;32.5;36.0;90.08;266.0;89.72;8.41;21.01;0;1;0;
Красота / Маски косметические;COSMETIC_CORE;cosmetic formula subject;medium;high;NO_CURRENT_SIGNAL;1136938978.0;1238569.0;917.95;5981;190091.79;0.7993;0.8065;2;1;1.1257;0.8158;51.98;32.0;35.5;91.97;315.0;92.46;8.69;23.47;0;1;0;
Красота / Глина косметическая;COSMETIC_CORE;cosmetic formula subject;low;medium;NO_CURRENT_SIGNAL;19154137.0;38487.0;497.68;395;48491.49;0.7952;0.8255;1;0;1.1504;0.8061;47.28;32.5;36.0;90.96;124.0;85.57;19.53;20.11;0;1;0;
Красота / Основы под макияж;COSMETIC_CORE;cosmetic formula subject;low;medium;NO_CURRENT_SIGNAL;104733607.0;181421.0;577.3;1475;71005.84;0.7944;0.737;2;1;1.3201;0.734;65.88;32.5;36.0;88.79;426.0;94.85;6.32;17.2;0;1;0;
Красота / Маски гидрогелевые;COSMETIC_CORE;cosmetic formula subject;low;medium;NO_CURRENT_SIGNAL;29431618.0;40307.0;730.19;927;31749.32;0.7938;0.6617;2;0;1.2312;0.6766;57.97;32.5;36.0;92.03;371.0;95.31;6.93;23.75;0;1;0;
Красота / Бальзамы после бритья;COSMETIC_CORE;cosmetic formula subject;low;medium;NO_CURRENT_SIGNAL;47858807.0;50061.0;956.01;616;77692.87;0.7922;0.9786;4;4;1.2215;0.7996;21.5;32.5;36.0;95.47;442.0;94.39;20.88;20.6;0;1;0;
Красота / Лосьоны;COSMETIC_CORE;cosmetic formula subject;medium;high;NO_CURRENT_SIGNAL;282925654.0;252850.0;1118.95;2887;97999.88;0.7899;0.8382;2;0;0.775;0.9112;20.89;32.5;36.0;92.36;364.0;95.39;11.59;22.39;0;0;0;
Красота / Помады;COSMETIC_CORE;cosmetic formula subject;high;medium;NO_CURRENT_SIGNAL;476277273.0;860615.0;553.42;2360;201812.4;0.7872;0.7336;1;0;1.3992;0.8464;35.28;32.5;36.0;90.83;470.0;93.7;12.08;20.65;0;1;0;
Красота / Отбеливающие средства для зубов;COSMETIC_ORAL_P2;"oral whitening cosmetic; active level and SGR route must be checked";low;high;NO_CURRENT_SIGNAL;46113704.0;71020.0;649.31;518;89022.59;0.7863;0.8347;4;3;0.9636;0.7846;62.36;31.0;34.5;90.8;322.0;93.57;7.33;13.61;0;1;0;
Красота / Экстракты для купания;COSMETIC_CORE;cosmetic formula subject;low;medium;NO_CURRENT_SIGNAL;21056361.0;24795.0;849.22;355;59313.69;0.7847;0.7984;2;1;1.2132;0.8131;47.43;32.5;36.0;93.64;436.0;92.76;11.51;25.09;0;1;0;
Красота / Румяна;COSMETIC_CORE;cosmetic formula subject;high;medium;NO_CURRENT_SIGNAL;166822742.0;255741.0;652.31;1656;100738.37;0.7806;0.7128;2;2;1.2773;0.8117;52.81;32.5;36.0;86.69;819.0;96.49;8.24;20.0;0;1;0;
Красота / Растворы для разведения хны;COSMETIC_PRO_P2;professional hair-color preparation;low;medium;NO_CURRENT_SIGNAL;384473.0;917.0;419.27;42;9154.12;0.7726;0.8216;2;2;1.2277;0.8845;79.05;32.5;36.0;94.44;318.0;90.01;15.35;25.7;0;1;0;
Красота / Пэды косметические;COSMETIC_CORE;cosmetic formula subject;low;medium;NO_CURRENT_SIGNAL;55887714.0;47448.0;1177.87;657;85065.01;0.7721;0.6651;1;1;1.2787;0.5564;51.43;32.5;36.0;88.03;316.0;93.15;4.55;21.11;0;1;0;
Красота / Гели для бритья;COSMETIC_CORE;cosmetic formula subject;low;medium;NO_CURRENT_SIGNAL;74135910.0;91706.0;808.41;643;115296.91;0.7717;0.8438;3;4;1.1021;0.7858;25.27;32.5;36.0;94.99;140.0;85.9;13.82;23.37;0;1;0;
Красота / Хайлайтеры;COSMETIC_CORE;cosmetic formula subject;high;medium;NO_CURRENT_SIGNAL;90296239.0;143592.0;628.84;1423;63454.84;0.7706;0.7789;2;1;1.1841;0.7455;52.45;32.5;36.0;85.45;641.0;96.1;4.03;17.94;0;1;0;
Красота / Праймеры для ресниц;COSMETIC_PRO_P2;"professional chemical product; safety/use validation required";medium;medium;NO_CURRENT_SIGNAL;2990655.0;6456.0;463.24;165;18125.18;0.7683;0.846;2;2;1.0795;0.9451;67.52;32.5;36.0;89.26;344.0;90.76;18.07;19.29;0;1;0;
Красота / Жидкие подводки;COSMETIC_CORE;cosmetic formula subject;low;medium;NO_CURRENT_SIGNAL;103266475.0;192782.0;535.66;1258;82087.82;0.7662;0.7548;1;1;1.1841;0.8045;39.69;31.5;35.0;92.02;619.0;96.19;8.77;15.38;0;1;0;
Красота / Убтаны;COSMETIC_CORE;cosmetic formula subject;low;medium;NO_CURRENT_SIGNAL;1382883.0;2558.0;540.61;70;19755.47;0.7652;0.7768;1;1;1.6973;0.9375;54.08;32.5;36.0;100.0;414.0;93.55;18.7;19.42;0;1;0;
Красота / Бальзамы;COSMETIC_CORE;cosmetic formula subject;medium;high;NO_CURRENT_SIGNAL;594310373.0;854563.0;695.46;4289;138566.19;0.7642;0.7514;1;1;0.8679;0.9423;34.26;28.5;32.0;93.44;211.0;88.62;13.79;25.05;0;1;0;
Красота / Пилинг;COSMETIC_CORE;cosmetic formula subject;low;medium;NO_CURRENT_SIGNAL;165056367.0;200866.0;821.72;1920;85966.86;0.756;0.7331;1;1;1.2545;0.786;51.8;30.0;33.5;90.46;178.0;86.8;10.6;20.13;0;1;0;
Красота / Средства для роста бровей и ресниц;COSMETIC_CORE;cosmetic formula subject;low;medium;NO_CURRENT_SIGNAL;19726518.0;22907.0;861.16;581;33952.7;0.7537;0.7185;1;1;1.0531;0.9026;51.26;32.5;36.0;89.74;753.0;97.03;7.77;18.86;0;1;0;
Красота / Гели для моделирования ногтей;COSMETIC_NAIL_P2;cosmetic chemistry, but shade/SKU depth and professional-use risk;high;medium;NO_CURRENT_SIGNAL;271394559.0;439377.0;617.68;930;291822.11;0.7505;0.6686;1;1;1.425;0.9514;44.58;32.5;36.0;91.92;75.0;78.12;35.97;35.7;0;1;1;
Красота / Эссенции;COSMETIC_CORE;cosmetic formula subject;low;medium;NO_CURRENT_SIGNAL;59595974.0;24394.0;2443.06;866;68817.52;0.7464;0.9228;1;2;1.2318;0.9725;18.47;32.5;36.0;86.78;1474.0;98.25;6.85;14.99;0;1;0;
Красота / Гидрофильные масла;COSMETIC_CORE;cosmetic formula subject;low;medium;NO_CURRENT_SIGNAL;58288726.0;72978.0;798.72;1018;57258.08;0.7456;0.7183;1;1;0.8262;0.7338;65.08;32.5;36.0;93.38;164.0;87.74;8.71;19.24;0;0;0;
Красота / Эфирные масла;COSMETIC_CORE;cosmetic formula subject;low;medium;NO_CURRENT_SIGNAL;134789025.0;159209.0;846.62;1496;90099.62;0.7454;0.7192;0;1;0.6767;1.1512;10.71;32.5;36.0;92.16;330.0;95.52;13.29;23.21;0;1;0;
Красота / Пены для бритья;COSMETIC_CORE;cosmetic formula subject;low;medium;NO_CURRENT_SIGNAL;69656287.0;99037.0;703.34;652;106834.8;0.7419;0.9171;3;4;1.0768;0.8234;22.97;32.5;36.0;95.3;118.0;82.08;16.29;20.79;0;1;0;
Красота / Тинты для губ;COSMETIC_CORE;cosmetic formula subject;high;medium;NO_CURRENT_SIGNAL;66994377.0;148648.0;450.69;968;69209.07;0.7335;0.6988;2;1;1.3665;0.9259;67.84;32.5;36.0;90.26;474.0;93.49;10.73;18.02;0;1;0;
Красота / Тени;COSMETIC_CORE;cosmetic formula subject;high;medium;NO_CURRENT_SIGNAL;330795066.0;545635.0;606.26;2421;136635.71;0.7286;0.6733;2;2;1.3817;0.8377;39.48;32.5;36.0;86.9;886.0;97.06;4.49;19.99;0;1;0;
Красота / Праймеры для ногтей;COSMETIC_NAIL_P2;cosmetic chemistry, but shade/SKU depth and professional-use risk;high;medium;NO_CURRENT_SIGNAL;10500613.0;18880.0;556.18;369;28456.95;0.7241;0.6828;1;1;1.0003;0.895;27.62;32.5;36.0;92.6;59.0;83.08;31.25;27.63;0;0;0;
Красота / Ремуверы для удаления татуажа;COSMETIC_PRO_P2;"professional chemical product; safety/use validation required";medium;medium;NO_CURRENT_SIGNAL;3068589.0;2510.0;1222.55;94;32644.56;0.719;0.4752;3;1;1.305;0.8413;53.49;31.5;35.0;72.94;1577.0;97.92;10.98;9.14;0;1;0;
Красота / Средства для снятия ресниц;COSMETIC_PRO_P2;"professional chemical product; safety/use validation required";medium;medium;NO_CURRENT_SIGNAL;27224567.0;60798.0;447.79;221;123188.09;0.7187;0.6607;1;1;0.9613;0.844;90.47;32.5;36.0;91.99;57.0;67.03;23.5;30.2;0;0;0;
Красота / Жидкости для снятия нарощенных волос;COSMETIC_PRO_P2;"professional remover; safety and use validation required";low;medium;NO_CURRENT_SIGNAL;710670.0;1373.0;517.6;53;13408.87;0.7124;0.6634;0;0;0.8015;0.8913;51.86;32.5;36.0;87.32;3688.0;99.64;2.01;3.98;0;0;0;
Красота / Маски альгинатные;COSMETIC_CORE;cosmetic formula subject;low;medium;NO_CURRENT_SIGNAL;21054498.0;20462.0;1028.96;352;59813.91;0.709;0.6684;2;1;1.026;0.9327;50.51;32.5;36.0;92.35;239.0;89.04;11.56;14.67;0;1;0;
Красота / Масла;COSMETIC_CORE;cosmetic formula subject;medium;high;NO_CURRENT_SIGNAL;462851503.0;578464.0;800.14;4107;112698.2;0.7076;0.5703;1;2;0.9043;0.9665;43.46;32.5;36.0;91.83;180.0;89.66;15.43;26.11;0;1;0;
Красота / Блески;COSMETIC_CORE;cosmetic formula subject;high;medium;NO_CURRENT_SIGNAL;263199719.0;466320.0;564.42;2222;118451.72;0.7034;0.6438;2;0;1.2937;0.7596;42.79;32.5;36.0;90.06;573.0;95.31;8.34;20.47;0;1;0;
Красота / Обезжириватели для ногтей;COSMETIC_NAIL_P2;cosmetic chemistry, but shade/SKU depth and professional-use risk;high;medium;NO_CURRENT_SIGNAL;11599097.0;15570.0;744.96;363;31953.44;0.7009;0.6733;1;1;0.9894;0.8266;32.97;30.5;34.0;93.26;103.0;94.59;12.55;24.39;0;0;0;
Красота / Мыло косметическое;COSMETIC_CORE;cosmetic formula subject;low;medium;NO_CURRENT_SIGNAL;471304493.0;698188.0;675.04;4502;104687.8;0.691;0.6442;2;1;1.1423;0.789;27.85;32.5;36.0;95.15;358.0;94.83;10.1;25.63;0;1;0;
Красота / Патчи;COSMETIC_CORE;cosmetic formula subject;low;medium;NO_CURRENT_SIGNAL;192897396.0;293498.0;657.24;2735;70529.21;0.6838;0.6444;1;1;1.0209;0.7356;41.65;32.5;36.0;94.45;551.0;97.73;2.97;17.57;0;1;0;
Красота / Скрабы;COSMETIC_CORE;cosmetic formula subject;low;medium;NO_CURRENT_SIGNAL;250270981.0;401808.0;622.86;2507;99828.87;0.6798;0.6181;3;3;1.1186;0.7171;59.5;32.5;36.0;92.18;280.0;90.39;8.99;19.16;0;1;0;
Красота / Сборы для ванн;COSMETIC_BATH_P2;"bath preparation; product-level formula verification required";low;high;NO_CURRENT_SIGNAL;7854082.0;4195.0;1872.25;152;51671.59;0.673;0.7352;2;2;2.8224;0.4231;10.07;32.5;36.0;94.08;263.0;94.46;16.85;20.64;0;1;0;
Красота / Пена для ванны;COSMETIC_CORE;cosmetic formula subject;low;medium;NO_CURRENT_SIGNAL;58964984.0;95405.0;618.05;910;64796.69;0.6503;0.664;1;1;1.3232;0.8856;38.9;32.5;36.0;92.87;405.0;92.72;9.77;27.24;0;1;0;
Красота / Шиммер для ванн;COSMETIC_CORE;cosmetic formula subject;low;medium;NO_CURRENT_SIGNAL;792469.0;1446.0;548.04;77;10291.81;0.6479;0.532;3;3;3.3954;0.3698;55.63;27.5;31.0;92.31;344.0;92.36;10.78;16.01;0;1;0;
Красота / Гель-краски для ногтей;COSMETIC_NAIL_P2;cosmetic chemistry, but shade/SKU depth and professional-use risk;high;medium;NO_CURRENT_SIGNAL;15132657.0;25503.0;593.37;378;40033.48;0.6456;0.7221;2;2;1.5621;0.8406;29.15;32.5;36.0;90.73;188.0;92.87;17.98;32.8;0;1;0;
Красота / Растворы для ирригатора;COSMETIC_ORAL_P2;"oral-care solution; formula and product classification required";low;high;NO_CURRENT_SIGNAL;8295660.0;12682.0;654.13;122;67997.21;0.6374;0.6746;0;1;1.3485;0.8331;71.76;27.5;31.0;96.33;135.0;81.29;26.31;28.34;0;1;0;
Красота / Соль для ванн;COSMETIC_CORE;finished bath cosmetic preparation;low;medium;NO_CURRENT_SIGNAL;98753986.0;162069.0;609.33;1458;67732.5;0.6035;0.586;0;0;0.9562;0.8971;33.19;29.5;33.0;93.02;303.0;92.07;8.06;20.73;0;0;0;
Красота / Закрепители для ресниц;COSMETIC_PRO_P2;"professional chemical product; safety/use validation required";medium;medium;NO_CURRENT_SIGNAL;36851678.0;28491.0;1293.45;148;248997.82;0.5719;0.4652;1;1;1.081;0.9844;91.04;32.5;36.0;84.55;77.0;69.12;23.15;20.85;0;1;0;
Красота / Парафин косметический;COSMETIC_CORE;cosmetic formula subject;low;medium;NO_CURRENT_SIGNAL;9477702.0;15493.0;611.74;231;41029.01;0.5647;0.5081;1;0;1.9472;0.6537;56.06;32.5;36.0;93.0;312.0;90.1;17.92;26.67;0;1;0;
Красота / Гигиенические помады;COSMETIC_CORE;cosmetic formula subject;high;medium;NO_CURRENT_SIGNAL;75810936.0;120216.0;630.62;1590;47679.83;0.5632;0.7108;0;1;0.6731;1.0169;21.41;32.5;36.0;92.25;1268.0;98.2;8.49;17.46;0;1;0;
Красота / Воски для ногтей;COSMETIC_NAIL_P2;finished nail cosmetic preparation;medium;medium;NO_CURRENT_SIGNAL;6165735.0;10372.0;594.46;157;39272.2;0.5434;0.664;3;2;1.7192;0.6206;46.22;27.5;31.0;95.12;119.0;83.19;33.94;32.42;0;1;0;
Красота / Твердые шампуни;COSMETIC_CORE;cosmetic formula subject;low;medium;NO_CURRENT_SIGNAL;30582149.0;52944.0;577.63;735;41608.37;0.5378;0.4801;2;0;1.7763;0.6413;45.24;32.5;36.0;95.06;381.0;94.51;5.19;19.91;0;1;0;
Красота / Маски тканевые косметические;COSMETIC_CORE;cosmetic formula subject;low;medium;NO_CURRENT_SIGNAL;111738225.0;189469.0;589.74;2039;54800.5;0.5193;0.4825;3;0;0.8761;0.72;49.74;32.5;36.0;94.02;241.0;92.63;7.92;19.9;0;0;0;
Красота / Отдушки косметические;COSMETIC_PRO_P2;"professional chemical product; safety/use validation required";medium;medium;NO_CURRENT_SIGNAL;37147495.0;44995.0;825.59;272;136571.67;0.5085;0.491;1;3;1.9016;1.0066;30.97;32.5;36.0;89.18;180.0;86.07;23.02;30.79;0;1;0;
Красота / Средства для удаления кутикулы;COSMETIC_PRO_P2;"professional chemical product; safety/use validation required";medium;medium;NO_CURRENT_SIGNAL;13857864.0;29248.0;473.81;591;23448.16;0.4892;0.5255;0;0;0.9272;0.8093;31.61;32.0;35.5;91.71;687.0;97.7;6.63;15.79;0;0;0;
Красота / Бомбочки для ванны;COSMETIC_CORE;finished rinse-off/bath cosmetic preparation;low;medium;NO_CURRENT_SIGNAL;74599328.0;143586.0;519.54;1018;73280.28;0.4797;0.4672;2;1;0.7576;0.7857;41.22;32.5;36.0;92.08;420.0;94.03;7.98;20.67;0;0;0;
Красота / Наборы декоративной косметики;COSMETIC_CORE;cosmetic formula subject;high;medium;NO_CURRENT_SIGNAL;161755451.0;120871.0;1338.25;1981;81653.43;0.4436;0.5525;4;3;1.2028;0.6098;44.44;32.5;36.0;85.72;648.0;96.76;7.68;19.26;0;1;0;
Красота / Косметические наборы для ухода;COSMETIC_CORE;cosmetic formula subject;low;medium;NO_CURRENT_SIGNAL;797748605.0;454365.0;1755.74;4680;170459.1;0.317;0.4795;2;2;1.032;0.6693;31.1;32.5;36.0;90.99;541.0;96.29;10.19;21.91;0;1;0;
Красота / Вода косметическая;COSMETIC_CORE;cosmetic formula subject;low;medium;NO_CURRENT_SIGNAL;0.0;0.0;0;0;0;0.0;0.0;4;4;0.0;0.0;0;0.0;0.0;100.0;0.0;0.0;0.0;0.0;0;1;0;JAN_JUN_REVENUE_SWING_GT_10X|CLICKS_ZERO_OR_MISSING
Красота / Кушоны;COSMETIC_CORE;cosmetic formula subject;high;medium;NO_CURRENT_SIGNAL;0.0;0.0;0;0;0;0.0;0.0;4;4;0.0;1.7938;0;0.0;0.0;100.0;0.0;100.0;0.0;0.0;0;1;0;JAN_JUN_REVENUE_SWING_GT_10X|CLICKS_ZERO_OR_MISSING
Красота / Мицеллярная вода;COSMETIC_CORE;cosmetic formula subject;low;medium;NO_CURRENT_SIGNAL;0.0;0.0;0;0;0;0.0;0.0;5;5;0.0;0.0;0;0.0;0.0;100.0;0.0;0.0;0.0;0.0;0;1;0;CLICKS_ZERO_OR_MISSING
Красота / Настои для бани;COSMETIC_BATH_P2;"bath preparation; product-level formula verification required";low;high;NO_CURRENT_SIGNAL;0.0;0.0;0;0;0;0.0;0.0;5;5;0.0;0.0;0;0.0;0.0;100.0;0.0;0.0;0.0;0.0;0;1;0;CLICKS_ZERO_OR_MISSING
Красота / Отбеливающие карандаши для зубов;COSMETIC_ORAL_P2;"oral whitening cosmetic; active level and SGR route must be checked";low;high;NO_CURRENT_SIGNAL;0.0;0.0;0;0;0;0.0;0.0;5;5;0.0;0.0;0;0.0;0.0;100.0;0.0;0.0;0.0;0.0;0;1;0;CLICKS_ZERO_OR_MISSING
Красота / Удалитель накладных ресниц;COSMETIC_PRO_P2;"professional remover; safety and use validation required";low;medium;NO_CURRENT_SIGNAL;0.0;0.0;0;0;0;0.0;0.0;5;5;1.3106;2.3249;0;0.0;0.0;93.24;0.0;0.0;0.0;0.0;0;1;0;JAN_JUN_REVENUE_SWING_GT_10X|CLICKS_ZERO_OR_MISSING
Красота / Шампуни для бани;COSMETIC_CORE;cosmetic formula subject;low;medium;NO_CURRENT_SIGNAL;0.0;0.0;0;0;0;0.0;0.0;5;5;0.0;0.0;0;0.0;0.0;100.0;0.0;0.0;0.0;0.0;0;1;0;CLICKS_ZERO_OR_MISSING
Красота / Шампуни для париков;COSMETIC_CORE;cosmetic formula subject;low;medium;NO_CURRENT_SIGNAL;0.0;0.0;0;0;0;0.0;0.0;5;5;0.0;0.0;0;0.0;0.0;0.0;0.0;0.0;0.0;0.0;0;1;0;CLICKS_ZERO_OR_MISSING
